Workbook

Sheet data
A1: icons | B1: value | C1: col3 | D1: col4 | E1: col5
A2: =[1]data!$C$2 -> Tobacco Use
A3: =[1]data!$C$3 -> of the population are current smokers | B3: =[1]data!$D$3 -> 0.10764758 | C3: =(B3*100) -> 10.764758 | D3: =100-C3 -> 89.235242
A4: =[1]data!$C$4 -> of men | B4: =[1]data!$D$4 -> 0.16435643 | C4: =ROUND(B4*100,1) -> 16.4 | D4: =100-C4 -> 83.6 | E4: =TEXT(B4, "0% ")& CHAR(10) & A4 -> 16% of men
A5: =[1]data!$C$5 -> of women | B5: =[1]data!$D$5 -> 0.0039214223 | C5: =ROUND(B5*100,1) -> 0.4 | D5: =100-C5 -> 99.6 | E5: =IF(C5<1,_xlfn.CONCAT("<1% ", A5),TEXT(B5, "0% ")& CHAR(10) & A5) -> <1% of women
A6: =[1]data!$C$6 -> Among current smokers
A7: =[1]data!$C$7 -> smoke daily | B7: =[1]data!$D$7 -> 0.77429235 | C7: =(B7*100) -> 77.429235 | D7: =100-C7 -> 22.570765
A8: =[1]data!$C$8 -> smoke manufactured cigarettes | B8: =[1]data!$D$8 -> 0.82515702 | C8: =(B8*100) -> 82.515702 | D8: =100-C8 -> 17.484298
A9: =[1]data!$C$9 -> smoke hand-rolled cigarettes | B9: =[1]data!$D$9 -> 0.15418665 | C9: =(B9*100) -> 15.418665 | D9: =100-C9 -> 84.581335
A10: =[1]data!$C$10 -> smoke cigars, cheroots or cigarillos | B10: =[1]data!$D$10 -> 0.095096433 | C10: =(B10*100) -> 9.5096433 | D10: =100-C10 -> 90.490357
A11: =[1]data!$C$11 -> smoke pipes | B11: =[1]data!$D$11 -> 0.15843615 | C11: =(B11*100) -> 15.843615 | D11: =100-C11 -> 84.156385
A12: =[1]data!$C$12 -> smoke shisha | B12: =[1]data!$D$12 -> 0.15247962 | C12: =(B12*100) -> 15.247962 | D12: =100-C12 -> 84.752038
A13: =[1]data!$C$13 -> have tried to stop smoking during the past 12 months | B13: =[1]data!$D$13 -> 0.41549284 | C13: =(B13*100) -> 41.549284 | D13: =100-C13 -> 58.450716 | E13: =TEXT(data!B13, "0% ") & CHAR(10) & A13 -> 42% have tried to stop smoking during the past 12 months
A14: =[1]data!$C$14 -> have been advised by a health care professional to stop smoking | B14: =[1]data!$D$14 -> 0.35521876 | C14: =(B14*100) -> 35.521876 | D14: =100-C14 -> 64.478124 | E14: =TEXT(data!B14, "0% ") & CHAR(10) & A14 -> 36% have been advised by a health care professional to stop smoking
A15: =[1]data!$C$15 -> of the population are current smokeless users | B15: =[1]data!$D$15 -> 0.012447157 | C15: =(B15*100) -> 1.2447157 | D15: =100-C15 -> 98.755284
A16: =[1]data!$C$16 -> of the population currently use any tobacco products | B16: =[1]data!$D$16 -> 0.11498829 | C16: =(B16*100) -> 11.498829 | D16: =100-C16 -> 88.501171
A18: =[1]data!$C$18 -> Alcohol Use
A19: =[1]data!$C$19 -> of the population are current drinkers | B19: =[1]data!$D$19 -> 0.014477028 | C19: =B19*100 -> 1.4477028 | D19: =100-C19 -> 98.552297
A20: =[1]data!$C$20 -> of men | B20: =[1]data!$D$20 -> 0.020592589 | C20: =ROUND(B20*100,1) -> 2.1 | D20: =100-C20 -> 97.9 | E20: =TEXT(B20, "0% ")& CHAR(10) & A20 -> 2% of men
A21: =[1]data!$C$21 -> of women | B21: =[1]data!$D$21 -> 0.0032910538 | C21: =ROUND(B21*100,1) -> 0.3 | D21: =100-C21 -> 99.7 | E21: =TEXT(B21, "0% ")& CHAR(10) & A21 -> 0% of women
A22: =[1]data!$C$22 -> of 18-44 years | B22: =[1]data!$D$22 -> 0.015221667 | C22: =ROUND(B22*100,1) -> 1.5 | D22: =100-C22 -> 98.5 | E22: =TEXT(B22, "0% ")& CHAR(10) & A22 -> 2% of 18-44 years
A23: =[1]data!$C$23 -> of 45-69 years | B23: =[1]data!$D$23 -> 0.015992951 | C23: =ROUND(B23*100,1) -> 1.6 | D23: =100-C23 -> 98.4 | E23: =TEXT(B23, "0% ")& CHAR(10) & A23 -> 2% of 45-69 years
A24: =[1]data!$C$24 -> are current drinkers
A25: =[1]data!$C$25 -> of the population are lifetime abstainers | B25: =[1]data!$D$25 -> 0.96305317 | C25: =ROUND(B25*100,1) -> 96.3 | D25: =100-C25 -> 3.7
A26: =[1]data!$C$26 -> Heavy episodic drinking
A27: =[1]data!$C$27 -> of the population consumed 6 or more drinks on one occasion in the past 30 days | B27: =[1]data!$D$27 -> 0.00083692475
A28: =[1]data!$C$28 -> of men consumed 6 or more drinks on one occasion | B28: =[1]data!$D$28 -> 0.001295305
A29: =[1]data!$C$29 -> of women consumed 6 or more drinks on one occasion | B29: =[1]data!$D$29 -> 2.3420318e-12
A31: =[1]data!$C$31 -> Diet
A32: =[1]data!$C$32 -> days
A33: =[1]data!$C$33 -> mean number of days fruits are consumed in a typical week | B33: =ROUND([1]data!$D$33,1) -> 4.6 | C33: =B33*100/7 -> 65.714286
A34: =[1]data!$C$34 -> mean number of days vegetables consumed in a typical week | B34: =ROUND([1]data!$D$34,1) -> 5.6 | C34: =B34*100/7 -> 80
A35: =[1]data!$C$35 -> of the population eat less than 5 servings of fruit and/or vegetables per day | B35: =[1]data!$D$35 -> 0.64835113 | C35: =ROUND(B35*100,0) -> 65 | D35: =100-C35 -> 35
A36: =[1]data!$C$36 -> of the population do not eat any fruit or vegetables | B36: =[1]data!$D$36 -> 0.081973192 | C36: =B36*100 -> 8.1973192 | D36: =100-C36 -> 91.802681 | E36: =TEXT(data!B36, "0% ") & CHAR(10) & A36 -> 8% of the population do not eat any fruit or vegetables
A37: =[1]data!$C$37 -> of the population always or often eat processed foods high in salt | B37: =[1]data!$D$37 -> 0.15486218 | C37: =B37*100 -> 15.486218 | D37: =100-C37 -> 84.513782
A38: =[1]data!$C$38 -> mean number of grams of salt consumed per day | B38: =[1]data!$D$38 -> 8.5724624 | C38: =_xlfn.CONCAT(B38) -> 8.5724624149887
A40: =[1]data!$C$40 -> Physical Activity
A41: =[1]data!$C$41 -> of the population are not meeting WHO's recommendation for physical activity | B41: =[1]data!$D$41 -> 0.28218007 | C41: =B41*100 -> 28.218007 | D41: =100-C41 -> 71.781993
A42: =[1]data!$C$42 -> Among women …
A43: =[1]data!$C$43 -> Among men …
A44: =[1]data!$C$44 -> are not meeting WHO's recommendation for physical activity | B44: =[1]data!$D$44 -> 0.23752796 | C44: =B44*100 -> 23.752796 | D44: =100-C44 -> 76.247204
A45: =[1]data!$C$45 -> are not meeting WHO's recommendation for physical activity | B45: =[1]data!$D$45 -> 0.36351765 | C45: =B45*100 -> 36.351765 | D45: =100-C45 -> 63.648235
A46: =[1]data!$C$46 -> are not engaging in any vigorous physical activity | B46: =[1]data!$D$46 -> 0.64875401 | C46: =B46*100 -> 64.875401 | D46: =100-C46 -> 35.124599
A47: =[1]data!$C$47 -> are not engaging in any vigorous physical activity | B47: =[1]data!$D$47 -> 0.91990564 | C47: =B47*100 -> 91.990564 | D47: =100-C47 -> 8.009436
A48: =[1]data!$C$48 -> of the population do not do any work-related activity | B48: =[1]data!$D$48 -> 0.52713004 | C48: =B48*100 -> 52.713004 | D48: =100-C48 -> 47.286996
A49: =[1]data!$C$49 -> of the population do not do any transport-related activity e.g. walking or cycling | B49: =[1]data!$D$49 -> 0.32529404 | C49: =B49*100 -> 32.529404 | D49: =100-C49 -> 67.470596
A50: =[1]data!$C$50 -> of the population do not do any activity in their leisure time | B50: =[1]data!$D$50 -> 0.55772082 | C50: =B50*100 -> 55.772082 | D50: =100-C50 -> 44.227918
A51: =[1]data!$C$51 -> Average time spent in sedentary activity per day | B51: =[1]data!$D$51 -> 190.24255
A52: =[1]data!$C$52 -> minutes | C52: =IF(B51>59,_xlfn.CONCAT(ROUND(B51/60,1)," ",A53),_xlfn.CONCAT(ROUND(B51,0)," ",A52)) -> 3.2 hours
A53: =[1]data!$C$53 -> hours
A55: =[1]data!$C$55 -> Body Mass Index
A56: =[1]data!$C$56 -> of the population are overweight* | B56: =[1]data!$D$56 -> 0.62877735 | C56: =B56*100 -> 62.877735 | D56: =100-C56 -> 37.122265
A57: =[1]data!$C$57 -> of men are overweight | B57: =[1]data!$D$57 -> 0.61557366 | C57: =B57*100 -> 61.557366 | D57: =100-C57 -> 38.442634
A58: =[1]data!$C$58 -> of women are overweight | B58: =[1]data!$D$58 -> 0.65418662 | C58: =B58*100 -> 65.418662 | D58: =100-C58 -> 34.581338
A59: =[1]data!$C$59 -> of the population are obese** | B59: =[1]data!$D$59 -> 0.27152906 | C59: =B59*100 -> 27.152906 | D59: =100-C59 -> 72.847094
A60: =[1]data!$C$60 -> of men are obese | B60: =[1]data!$D$60 -> 0.22536653 | C60: =B60*100 -> 22.536653 | D60: =100-C60 -> 77.463347
A61: =[1]data!$C$61 -> of women are obese | B61: =[1]data!$D$61 -> 0.36036459 | C61: =B61*100 -> 36.036459 | D61: =100-C61 -> 63.963541
A62: =[1]data!$C$62 -> * BMI ≥ 25
A63: =[1]data!$C$63 -> ** BMI ≥ 30
A65: =[1]data!$C$65 -> Raised Blood Pressure
A66: =[1]data!$C$66 -> of the population have raised blood pressure* or are currently on medication for raised blood pressure | B66: =[1]data!$D$66 -> 0.27681127 | C66: =B66*100 -> 27.681127 | D66: =100-C66 -> 72.318873
A67: =[1]data!$C$67 -> Of those …
A68: =[1]data!$C$68 -> have been previously diagnosed with raised blood pressure (aware) | B68: =[1]data!$D$68 -> 0.32287479 | C68: =B68*100 -> 32.287479 | D68: =100-C68 -> 67.712521
A69: =[1]data!$C$69 -> are taking medication for their raised blood pressure (treated) | B69: =[1]data!$D$69 -> 0.2643659 | C69: =B69*100 -> 26.43659 | D69: =100-C69 -> 73.56341
A70: =[1]data!$C$70 -> have their blood pressure under control (controlled) | B70: =[1]data!$D$70 -> 0.10639063 | C70: =B70*100 -> 10.639063 | D70: =100-C70 -> 89.360937
A71: =[1]data!$C$71 -> * SBP ≥ 140 and/or DBP ≥ 90 mmHg
A73: =[1]data!$C$73 -> Raised Blood Sugar
A74: =[1]data!$C$74 -> of the population have raised blood sugar* or are currently on medication for diabetes | B74: =[1]data!$D$74 -> 0.12819158 | C74: =B74*100 -> 12.819158 | D74: =100-C74 -> 87.180842
A75: =[1]data!$C$75 -> are currently receiving treatment | B75: =[1]data!$D$75 -> 0.52937856 | C75: =B75*100 -> 52.937856 | D75: =100-C75 -> 47.062144
A76: =[1]data!$C$76 -> of the population have never had their blood sugar measured | B76: =[1]data!$D$76 -> 0.3039914
A77: =[1]data!$C$77 -> * ≥ 126 mg/dl
A79: =[1]data!$C$79 -> Raised Total Cholesterol
A80: =[1]data!$C$80 -> of the population have raised total cholesterol* or currently on medication for raised cholesterol | B80: =[1]data!$D$80 -> 0.29079495 | C80: =B80*100 -> 29.079495 | D80: =100-C80 -> 70.920505
A81: =[1]data!$C$81 -> of men have low HDL** (good cholesterol) | B81: =[1]data!$D$81 -> 0.68434528 | C81: =B81*100 -> 68.434528 | D81: =100-C81 -> 31.565472
A82: =[1]data!$C$82 -> of women have low HDL*** (good cholesterol) | B82: =[1]data!$D$82 -> 0.68081724 | C82: =B82*100 -> 68.081724 | D82: =100-C82 -> 31.918276
A83: =[1]data!$C$83 -> * ≥ 190 mg/dl
A84: =[1]data!$C$84 -> ** < 40 mg/d
A85: =[1]data!$C$85 -> *** < 50 mg/d
A87: =[1]data!$C$87 -> Cardiovascular Disease
A88: =[1]data!$C$88 -> of the population aged 40-69 years have a 10-year CVD risk ≥20% or have existing CVD | B88: =[1]data!$D$88 -> 0.069820593 | C88: =ROUND(B88*100,1) -> 7 | D88: =100-C88 -> 93
A89: =[1]data!$C$89 -> of which
A90: =[1]data!$C$90 -> are receiving drug therapy and counselling to prevent heart attacks and strokes | B90: =[1]data!$D$90 -> 0.63121019 | C90: =ROUND(B90*100,1) -> 63.1 | D90: =100-C90 -> 36.9
A92: =[1]data!$C$92 -> Lifestyle Advice*
A93: =[1]data!$C$93 -> * advice received in the past 12 months from a health worker, among the total population
A94: =[1]data!$C$94 -> were advised to quit smoking or not start | B94: =[1]data!$D$94 -> 0.095745109 | C94: =ROUND(B94*100,1) -> 9.6 | D94: =100-C94 -> 90.4
A95: =[1]data!$C$95 -> were advised to lower the salt content in their food | B95: =[1]data!$D$95 -> 0.21563756 | C95: =ROUND(B95*100,1) -> 21.6 | D95: =100-C95 -> 78.4
A96: =[1]data!$C$96 -> were advised to eat at least five portions of fruit and vegetables a day | B96: =[1]data!$D$96 -> 0.26289313 | C96: =ROUND(B96*100,1) -> 26.3 | D96: =100-C96 -> 73.7
A97: =[1]data!$C$97 -> were advised to reduce fat in their diet | B97: =[1]data!$D$97 -> 0.2714242 | C97: =ROUND(B97*100,1) -> 27.1 | D97: =100-C97 -> 72.9
A98: =[1]data!$C$98 -> were advised to do more physical activity | B98: =[1]data!$D$98 -> 0.29532934 | C98: =ROUND(B98*100,1) -> 29.5 | D98: =100-C98 -> 70.5
A99: =[1]data!$C$99 -> were advised to maintain healthy weight/lose weight | B99: =[1]data!$D$99 -> 0.27919457 | C99: =ROUND(B99*100,1) -> 27.9 | D99: =100-C99 -> 72.1
A100: =[1]data!$C$100 -> were advised to reduce sugary beverages in their diet | B100: =[1]data!$D$100 -> 0.27546177 | C100: =ROUND(B100*100,1) -> 27.5 | D100: =100-C100 -> 72.5
A102: =[1]data!$C$102 -> Multiple Risk Factors
A103: =[1]data!$C$103 -> of the population aged 18-69 years have 3 to 5 risk factors | B103: =[1]data!$D$103 -> 0.28742294 | C103: =B103*100 -> 28.742294 | D103: =100-C103 -> 71.257706
A104: =[1]data!$C$104 -> of the population aged 18-69 years have 1 to 2 risk factors | B104: =[1]data!$D$104 -> 0.64310901 | C104: =B104*100 -> 64.310901 | D104: =100-C104 -> 35.689099
A105: =[1]data!$C$105 -> of the population aged 18-69 years have 0 risk factors | B105: =[1]data!$D$105 -> 0.069468052 | C105: =B105*100 -> 6.9468052 | D105: =100-C105 -> 93.053195
A106: =[1]data!$C$106 -> of 18-44 year olds have 3 to 5 risk factors | B106: =[1]data!$D$106 -> 0.24527101 | C106: =B106*100 -> 24.527101 | D106: =100-C106 -> 75.472899
A107: =[1]data!$C$107 -> of 45-69 year olds have 3 to 5 risk factors | B107: =[1]data!$D$107 -> 0.42242181 | C107: =B107*100 -> 42.242181 | D107: =100-C107 -> 57.757819

Sheet Tobacco
B2: =data!A2 -> Tobacco Use
B8: =data!B3 -> 0.10764758
D32: =data!B15 -> 0.012447157

Sheet Alcohol Use
B2: =data!A18 -> Alcohol Use

Sheet Diet
B2: =data!A31 -> Diet
B5: =data!B33 & data!A32 -> 4.6 days
B11: =data!B34 & data!A32 -> 5.6 days

Sheet Physical Activity
B2: =data!A40 -> Physical Activity

Sheet BMI
A2: =data!A55 -> Body Mass Index

Sheet Raised blood pressure
A1: =data!A65 -> Raised Blood Pressure

Sheet Diabetes
A2: =data!A73 -> Raised Blood Sugar

Sheet Raised cholesterol
A1: =data!A79 -> Raised Total Cholesterol

Sheet Cardiovascular disease
A2: =data!A87 -> Cardiovascular Disease

Sheet Lifestyle advice
B2: =data!A92 -> Lifestyle Advice*

Sheet Multiple risk factors
B1: =data!A102 -> Multiple Risk Factors
